<?xml version="1.0" encoding="UTF-8"?>
<project-private xmlns="http://www.netbeans.org/ns/project-private/1">
    <editor-bookmarks xmlns="http://www.netbeans.org/ns/editor-bookmarks/2" lastBookmarkId="0"/>
    <open-files xmlns="http://www.netbeans.org/ns/projectui-open-files/2">
        <group>
            <file>file:/C:/Users/Marco/Desktop/Connessione_e_Inserimento/src/Tutto/PersonaCollection.java</file>
            <file>file:/C:/Users/Marco/Desktop/Connessione_e_Inserimento/src/Tutto/UtentiProvaider.java</file>
            <file>file:/C:/Users/Marco/Desktop/Connessione_e_Inserimento/src/connessione_e_inserimento/Connessione_e_Inserimento.java</file>
            <file>file:/C:/Users/Marco/Desktop/Connessione_e_Inserimento/src/Tutto/Utenti.java</file>
            <file>file:/C:/Users/Marco/Desktop/Connessione_e_Inserimento/src/Tutto/LetturaFile.java</file>
            <file>file:/C:/Users/Marco/Desktop/Connessione_e_Inserimento/src/Tutto/UtentiCollection.java</file>
            <file>file:/C:/Users/Marco/Desktop/Connessione_e_Inserimento/src/Tutto/Contatto.java</file>
        </group>
    </open-files>
</project-private>
