First Name,Last Name,Display Name,Nickname,E-mail Address,E-mail 2 Address,E-mail 3 Address,Home Phone,Business Phone,Home Fax,Business Fax,Pager,Mobile Phone,Home Street,Home Address 2,Home City,Home State,Home Postal Code,Home Country,Business Address,Business Address 2,Business City,Business State,Business Postal Code,Business Country,Country Code,Related name,Job Title,Department,Organization,Notes,Birthday,Anniversary,Gender,Web Page,Web Page 2,Categories
Aaaaaa,,Aaaaaa,,,,,+393393934631,,,,,,,,,,,,,,,,,,,,,,,,,,,,,
acer,,acer,,,,,,,,,,,,,,,,,,,,,,,,,,,,,,,,,,
Aggiorna,SIM,Aggiorna SIM,,,,,,,,,,42202,,,,,,,,,,,,,,,,,,,,,,,,
Agnese,Vestrini,Agnese Vestrini,,,,,,,,,,+393887216152,,,,,,,,,,,,,,,,,,,,,,,,
Alberto,Domini,Alberto Domini,,,,,,,,,,331 8054419,,,,,,,,,,,,,,,,,,,,,,,,
Alessandro,Ghezzi,Alessandro Ghezzi,,,,,,,,,,+39 348 530 0366,,,,,,,,,,,,,,,,,,,,,,,,
Alessandro,Pantini,Alessandro Pantini,,,,,,,,,,+393397625946,,,,,,,,,,,,,,,,,,,,,,,,
Alessandro,Saia,Alessandro Saia,,,,,,,,,,+39 377 259 0200,,,,,,,,,,,,,,,,,,,,,,,,
Alessia Benigni,,Alessia Benigni,,,,,,,,,,+393491218725,,,,,,,,,,,,,,,,,,,,,,,,
Alessia,Fruci,Alessia Fruci,,,,,,,,,,+39 334 779 7528,,,,,,,,,,,,,,,,,,,,,,,,
Alessia,Tripponcini,Alessia Tripponcini,,,,,,,,,,+393345867254,,,,,,,,,,,,,,,,,,,,,,,,
Alessio,Badii,Alessio Badii,,,,,,,,,,+393458284161,,,,,,,,,,,,,,,,,,,,,,,,
Alessio,Biancalani,Alessio Biancalani,,,,,,,,,,+393894262234,,,,,,,,,,,,,,,,,,,,,,,,
Alessio,Mancini,Alessio Mancini,,,,,,,,,,+393315643840,,,,,,,,,,,,,,,,,,,,,,,,
Alessio,Mariotti,Alessio Mariotti,,,,,,,,,,+39 334 157 5590,,,,,,,,,,,,,,,,,,,,,,,,
Alessio,Menchetti,Alessio Menchetti,,,,,,,,,,+39 334 101 8530,,,,,,,,,,,,,,,,,,,,,,,,
Alessio,Peruzzi,Alessio Peruzzi,,Alessioperuzzi1@hotmail.com,,,,,,,,+39 349 666 0911,,,,,,,,,,,,,,,,,,,,,,,,
Alex,Cioban,Alex Cioban,,,,,,,,,,+39 328 577 2223,,,,,,,,,,,,,,,,,,,,,,,,
Alex,Fleisaru,Alex Fleisaru,,,,,,,,,,345 6145110,,,,,,,,,,,,,,,,,,,,,,,,
Alfonso,Campolo,Alfonso Campolo,,,,,,,,,,,,,,,,,,,,,,,,,,,,,,,,,,
Ali,Saim,Ali Saim,,,,,,,,,,+393298330024,,,,,,,,,,,,,,,,,,,,,,,,
Alice,Polvani,Alice Polvani,,,,,+39 331 141 0069,,,,,,,,,,,,,,,,,,,,,,,,,,,,,
Amico,Pisto,Amico Pisto,,,,,+393475840541,,,,,,,,,,,,,,,,,,,,,,,,,,,,,
AndI,Dervisci,AndI Dervisci,,,,,,,,,,3401440965,,,,,,,,,,,,,,,,,,,,,,,,
Andrea,Capecchi,Andrea Capecchi,,r.banchetti39@gmail.com,,,0575 680119,,,,,+393349537491,,,,,,,,,,,,,,,,,,,,,,,,
Andrea,Gepponi,Andrea Gepponi,,,,,,,,,,333 3277034,,,,,,,,,,,,,,,,,,,,,,,,
Andrea,Sensitivi,Andrea Sensitivi,,,,,,,,,,347 9115450,,,,,,,,,,,,,,,,,,,,,,,,
Angel,Leandri,Angel Leandri,,,,,,,,,,+39 380 126 9312,,,,,,,,,,,,,,,,,,,,,,,,
Angela,Lauricella,Angela Lauricella,,,,,,,,,,+39 334 253 2294,,,,,,,,,,,,,,,,,,,,,,,,
Angelica,Rossi,Angelica Rossi,,,,,,,,,,+39 331 392 0953,,,,,,,,,,,,,,,,,,,,,,,,
Angelika,Maloku,Angelika Maloku,,,,,,,,,,+393802116266,,,,,,,,,,,,,,,,,,,,,,,,
Angelo,Jin,Angelo Jin,,,,,,,,,,+39 377 882 9032,,,,,,,,,,,,,,,,,,,,,,,,
Anna,Cacioli,Anna Cacioli,,,,,,,,,,+39 366 303 0691,,,,,,,,,,,,,,,,,,,,,,,,
Anna,Garzotto,Anna Garzotto,,,,,3485903559,,,,,,,,,,,,,,,,,,,,,,,Aggiunto da WhatsApp™ il 12/lug/2013 04:52:28 PM,,,,,,
Antonio🔫🔝,Cornicello,Antonio🔫🔝 Cornicello,,,,,,,,,,+39 342 051 1140,,,,,,,,,,,,,,,,,,,,,,,,
Antonio,Dieaconu,Antonio Dieaconu,,,,,,,,,,339 1604719,,,,,,,,,,,,,,,,,,,,,,,,
Antonio,Scatragli,Antonio Scatragli,,,,,,,,,,340 5779609,,,,,,,,,,,,,,,,,1e,,,,,,,
,,Apple Italia srl,,,,,,,,,,,,,,,,,,,,,,,,,,,Apple Italia srl,,,,,http://www.apple.com/it/,,
Ardin,Morava,Ardin Morava,,,,,,,,,,+393279385142,,,,,,,,,,,,,,,,,,,,,,,,
Asia,Naccarato,Asia Naccarato,,,,,+39 334 5819933,,,,,,,,,,,,,,,,,,,,,,,,,,,,,
Attiva,Servizi,Attiva Servizi,,,,,,,,,,40920,,,,,,,,,,,,,,,,,,,,,,,,
Aulona,Kabello,Aulona Kabello,,,,,,,,,,+39 347 350 7296,,,,,,,,,,,,,,,,,,,,,,,,
Aurora,Ciavattini,Aurora Ciavattini,,,,,,,,,,+39 392 708 4069,,,,,,,,,,,,,,,,,,,,,,,,
Aurora,Gallorini,Aurora Gallorini,,,,,,,,,,+393665951904,,,,,,,,,,,,,,,,,,,,,,,,
Aurora,Martini,Aurora Martini,,,,,,,,,,347 0810736,,,,,,,,,,,,,,,,,,,,,,,,
Aurora,Polvani,Aurora Polvani,,,,,,,,,,+393401619644,,,,,,,,,,,,,,,,,,,,,,,,
Avneet,Sarai,Avneet Sarai,,,,,,,,,,339 7458899,,,,,,,,,,,,,,,,,,,,,,,,
Aziz,Guetta,Aziz Guetta,,,,,,,,,,+393277677440,,,,,,,,,,,,,,,,,,,,,,,,
Bdnd,,Bdnd,,,,,,,,,,351 9847599,,,,,,,,,,,,,,,,,,,,,,,,
Beky,,Beky,,,,,,,,,,+393341068166,,,,,,,,,,,,,,,,,,,,,,,,
Benedetta,Sereni,Benedetta Sereni,,,,,,,,,,+393333014387,,,,,,,,,,,,,,,,,,,,,,,,
Biafra Di,Merda,Biafra Di Merda,,,,,,,,,,+39 346 692 2813,,,,,,,,,,,,,,,,,,,,,,,,
Boh,,Boh,,,,,+393388997504,,,,,,,,,,,,,,,,,,,,,,,,,,,,,
Bucchioni,Tommaso,Bucchioni Tommaso,,,,,,,,,,+393459671069,,,,,,,,,,,,,,,,,,,,,,,,
Bulgarovski,,Bulgarovski,,,,,,,,,,+39 389 475 1517,,,,,,,,,,,,,,,,,,,,,,,,
Caffe Dei Costanti,Cellulare,Caffe Dei Costanti Cellulare,,,,,3476221586,,,,,,,,,,,,,,,,,,,,,,,,,,,,,
Camilla,Vanni,Camilla Vanni,,,,,,,,,,333 7321231,,,,,,,,,,,,,,,,,,,,,,,,
Camilla,Zaggia,Camilla Zaggia,,,,,,,,,,+393484369962,,,,,,,,,,,,,,,,,,,,,,,,
Camilla,Zaggia,Camilla Zaggia,,,,,,,,,,+393484369962,,,,,,,,,,,,,,,,,,,,,,,,
Carlotta,Barelli,Carlotta  Barelli,,,,,,,,,,+39 334 831 9578,,,,,,,,,,,,,,,,,,,,,,,,
Carlotta,Giannini,Carlotta Giannini,,,,,,,,,,+393475946724,,,,,,,,,,,,,,,,,,,,,,,,
Caterina,,Caterina,,,,,,,,,,+393668786966,,,,,,,,,,,,,,,,,,,,,,,,
Caterina,Morelli,Caterina Morelli,,,,,,,,,,+39 331 858 4715,,,,,,,,,,,,,,,,,,,,,,,,
Caterina,Terziani,Caterina Terziani,,,,,,,,,,+39 334 112 8075,,,,,,,,,,,,,,,,,,,,,,,,
CELL,ZIA GULIA,CELL ZIA GULIA,,,,,,,,,,3489615835,,,,,,,,,,,,,,,,,,,,,,,,
Cerca,per Me,Cerca per Me,,,,,,,,,,40884,,,,,,,,,,,,,,,,,,,,,,,,
Checco,iPhone,Checco iPhone,,,,,+39 366 471 1133,,,,,,,,,,,,,,,,,,,,,,,,,,,,,
Chiara 🌊,,Chiara 🌊,,,,,,,,,,+39 340 218 2124,,,,,,,,,,,,,,,,,,,,,,,,
Chiara,Bichi,Chiara Bichi,,,,,,,,,,342 3262740,,,,,,,,,,,,,,,,,,,,,,,,
Chiara,Castelluzzo,Chiara  Castelluzzo,,,,,,,,,,+393394578541,,,,,,,,,,,,,,,,,,,,,,,,
Chiara,Ghezzi,Chiara Ghezzi,,,,,,,,,,+39 340 218 2124,,,,,,,,,,,,,,,,,,,,,,,,
Chiara,Ghezzi,Chiara Ghezzi,,,,,,,,,,,,,,,,,,,,,,,,,,,,,1604-10-07 00:00:00,,,,,
Chiara,Goti,Chiara Goti,,,,,,,,,,+39 370 117 6337,,,,,,,,,,,,,,,,,,,,,,,,
Chiara,Refi,Chiara Refi,,,,,,,,,,+39 370 314 2662,,,,,,,,,,,,,,,,,,,,,,,,
Chiara,Segantini,Chiara Segantini,,,,,3383746450,,,,,,,,,,,,,,,,,,,,,,,Aggiunto da WhatsApp™ il 07/gen/2014 17:11:33,,,,,,
Christian,,Christian,,,,,+393668031725,,,,,,,,,,,,,,,,,,,,,,,,,,,,,
Cinci Chiamami,Dref Cinci,Cinci Chiamami Dref Cinci,,,,,,,,,,+39 340 119 3609,,,,,,,,,,,,,,,,,,,,,,,,
Ciro,De Angelis,Ciro De Angelis,,,,,,,,,,339 5227509,,,,,,,,,,,,,,,,,,,,,,,,
Claudio,Radoni,Claudio Radoni,,claudiobalolo@gmail.com,,,,,,,,339 4362440,,,,,,,,,,,,,,,,,,,,,,,,
Claudio,Simeon,Claudio Simeon,,,,,,,,,,+39 331 131 2297,,,,,,,,,,,,,,,,,,,,,,,,
Cosmin,Solot,Cosmin Solot,,,,,,,,,,+39 393 068 3586,,,,,,,,,,,,,,,,,,,1999-03-23 00:00:00,,,,,
Costi Quel,Che Costi,Costi Quel Che Costi,,,,,+39 331 814 9944,,,,,,,,,,,,,,,,,,,,,,,,,,,,,
Cristian,Cuna,Cristian Cuna,,,,,,,,,,+39 331 584 8626,,,,,,,,,,,,,,,,,,,,,,,,
Cristina Mamma Michela,,Cristina Mamma Michela,,,,,3282047283,,,,,,,,,,,,,,,,,,,,,,,,,,,,,
Daniele,Sodano,Daniele Sodano,,,,,327 9971010,,,,,,,,,,,,,,,,,,,,,,,,,,,,,
Daniele,Tobia,Daniele Tobia,,,,,+39 333 920 7059,,,,,,,,,,,,,,,,,,,,,,,,,,,,,
Davide,Frequentini,Davide Frequentini,,,,,,,,,,+393409875798,,,,,,,,,,,,,,,,,,,,,,,,
Davide,Saia,Davide Saia,,,,,,,,,,+393772585346,,,,,,,,,,,,,,,,,,,,,,,,
Davide,Vitiello,Davide Vitiello,Boss,lgvitiello9@gmail.com,lgvitiello9@hotmail.com,,,,,,,3313850443,Via Della Liberta 94,,Castiglion Fiorentino,Arezzo,52043,Italia,,,,,,,,Luigi Vitiello,,,Casa mia,,2001-03-09 00:00:00,,,,,
Davide 🦁,,Davide 🦁,,,,,3930027885,,,,,,,,,,,,,,,,,,,,,,,,,,,,,
Denise,Huluba,Denise Huluba,,,,,,,,,,+39 327 281 9094,,,,,,,,,,,,,,,,,,,,,,,,
Dewis,Parcesepe,Dewis Parcesepe,,,,,,,,,,+39 391 140 1497,,,,,,,,,,,,,,,,,,,,,,,,
Diletta,Ragazzi,Diletta Ragazzi,,,,,,,,,,+393319156572,,,,,,,,,,,,,,,,,,,,,,,,
Dolce,Verde,Dolceverde,,,,,+39 393 3886066,,,,,,Via Sette Ponti 120B,,Castiglion Fibocchi,Toscana,52029,Italia,,,,,,,IT,,,,Dolceverde,,,,,http://www.dolceverde.it,,
DolceVerde,,DolceVerde,,,,,,,,,,,Via SettePonti 120B,,Castiglion Fibocchi,Toscana,52029,Italia,,,,,,,it,,,,,,,,,,,
Domenico,Vitiello,Domenico Vitiello,,,,,,,,,,3313633234,,,Torre Del Greco,Na,,Italia,,,,,,,,,,,,,,,,,,
Edoardo,Fabbriciani,Edoardo Fabbriciani,,,,,,,,,,+393338808696,,,,,,,,,,,,,,,,,,,,,,,,
Edoardo,Tartaglia,Edoardo Tartaglia,,,,,,,,,,+39 346 584 8317,,,,,,,,,,,,,,,,,,,,,,,,
Elena,Badini,Elena Badini,,,,,,,,,,+393665482680,,,,,,,,,,,,,,,,,,,,,,,,
Elena,Merelli,Elena Merelli,,,,,,,,,,+39 333 631 0380,,,,,,,,,,,,,,,,,,,,,,,,
Elena,Moneti,Elena Moneti,,,,,,,,,,331 9884110,,,,,,,,,,,,,,,,,,,,,,,,
Elena,Moriani,Elena Moriani,,,,,,,,,,+39 393 683 8286,,,,,,,,,,,,,,,,,,,,,,,,
Elia,Panichi,Elia Panichi,,,,,,,,,,+39 339 674 9306,,,,,,,,,,,,,,,,,,,,,,,,
Elia,Panichi,Elia Panichi,,,,,,,,,,+393392519290,,,,,,,,,,,,,,,,,,,2001-04-28 00:00:00,,,,,
Elia,Tanganelli,Elia Tanganelli,,,,,,,,,,+393317581906,,,,,,,,,,,,,,,,,,,,,,,,
Elia,Tanganelli 🚬,Elia Tanganelli 🚬,,,,,,,,,,+39 345 455 4589,,,,,,,,,,,,,,,,,,,2000-05-31 00:00:00,,,,,
Elisa,Benigni,Elisa Benigni,,,,,,,,,,+393494559215,,,,,,,,,,,,,,,,,,,,,,,,
Elisa,Bucci,Elisa Bucci,,,,,3661589832,,,,,,,,,,,,,,,,,,,,,,,,,,,,,
Elisa,Gallorini,Elisa Gallorini,,,,,,,,,,+39 346 789 8660,,,,,,,,,,,,,,,,,,,,,,,,
Eliseo,Del Lama,Eliseo  Del Lama,,,,,+39 334 507 3700,,,,,,,,,,,,,,,,,,,,,,,,,,,,,
Emanuele,Bonci,Emanuele Bonci,,,,,,,,,,+39 334 898 0029,,,,,,,,,,,,,,,,,,,,,,,,
Emanuele,Guadagno,Emanuele Guadagno,,,,,,,,,,+39 380 681 0285,,,,,,,,,,,,,,,,,,,,,,,,
Emanuele,Triboto,Emanuele Triboto,,,,,,,,,,+393899240407,,,,,,,,,,,,,,,,,,,,,,,,
Emma,Vilucchi,Emma Vilucchi,,,,,,,,,,366 3556622,,,,,,,,,,,,,,,,,,,,,,,,
Enrico,Mara,Enrico Mara,,,,,,,,,,+39 346 479 8429,,,,,,,,,,,,,,,,,,,,,,,,
Erik,Polverini,Erik Polverini,,,,,,,,,,331 8345703,Via della Misericordia 236–236b,,Manciano,Toscana,52043,Italia,,,,,,,it,,,,,,,,,,,
Erika,Bennati,Erika Bennati,,,,,,,,,,366 2428724,,,,,,,,,,,,,,,,,,,,,,,,
Erli,Pan,Erli Pan,,,,,,,,,,+39 392 132 0602,,,,,,,,,,,,,,,,,,,,,,,,
Erlind,Koci,Erlind Koci,,,,,,,,,,339 3432244,,,,,,,,,,,,,,,,,,,,,,,,
Fabio,Aliaj,Fabio Aliaj,,,,,,,,,,+39 331 186 3562,,,,,,,,,,,,,,,,,,,,,,,,
Fabio,Bulla,Fabio Bulla,,,,,,,,,,320 9081086,,,,,,,,,,,,,,,,,,,,,,,,
Fabio,Ceccherini,Fabio Ceccherini,,,,,,,,,,+39 333 293 1834,,,,,,,,,,,,,,,,,,,,,,,,
FazeDeiPover84,,FazeDeiPover84,,,,,,,,,,+393460087875,,,,,,,,,,,,,,,,,,,,,,,,
Federica,Canneti,Federica Canneti,,,,,,,,,,+393459761079,,,,,,,,,,,,,,,,,,,,,,,,
Federica,Rosati,Federica Rosati,,,,,,,,,,+393312549793,,,,,,,,,,,,,,,,,,,,,,,,
Federico,Botti,Federico Botti,,,,,,,,,,+39 339 601 1810,,,,,,,,,,,,,,,,,,,,,,,,
Federico,Genova,Federico Genova,,,,,,,,,,+39 327 753 1449,,,,,,,,,,,,,,,,,,,,,,,,
FF7,,FF7,,,,,,,,,,+393489762523,,,,,,,,,,,,,,,,,,,,,,,,
Filippo,Amadori,Filippo Amadori,,,,,,,,,,334 2976862,,,,,,,,,,,,,,,,,,,,,,,,
Filippo,Bambini,Filippo Bambini,,,,,,,,,,+39 366 1787652,,,,,,,,,,,,,,,,,,,,,,,,
Filippo,Banelli,Filippo Banelli,,,,,,,,,,340 9452102,,,,,,,,,,,,,,,,,,,,,,,,
Filippo,Decianni,Filippo Decianni,,,,,,,,,,+393668773758,,,,,,,,,,,,,,,,,,,,,,,,
Filippo,Genito,Filippo Genito,,,,,,,,,,366 1456818,,,,,,,,,,,,,,,,,,,,,,,,
Filippo,Segantini,Filippo Segantini,,,,,366 7080380,,,,,,,,,,,,,,,,,,,,,,,,,,,,,
Filippo,Vanni,Filippo Vanni,,,,,,,,,,+393669390896,,,,,,,,,,,,,,,,,,,,,,,,
Filippo,Vanni,Filippo Vanni,,,,,,,,,,+393669390896,,,,,,,,,,,,,,,,,,,,,,,,
Francesca,Bolognini,Francesca Bolognini,,,,,,,,,,+39 345 923 9556,,,,,,,,,,,,,,,,,,,2001-03-21 00:00:00,,,,,
Francesca,Smaci,Francesca Smaci,,,,,,,,,,+39 328 807 0175,,,,,,,,,,,,,,,,,,,,,,,,
Francesca,Traquandi,Francesca Traquandi,,,,,,,,,,+393383034720,,,,,,,,,,,,,,,,,,,,,,,,
Francesco,Bigiarini,Francesco Bigiarini,,,,,,,,,,334 5952341,,,,,,,,,,,,,,,,,,,,,,,,
Francesco,Bistondi,Francesco Bistondi,,,,,366 4711133,,,,,,Via Della Libertà 42,,Castiglion Fiorentino,Ar,52043,Italia,,,,,,,,,,,,,2000-05-30 00:00:00,,,,,
Francesco,Emolo,Francesco Emolo,,,,,,,,,,+39 331 449 5402,,,,,,,,,,,,,,,,,,,,,,,,
Francesco,Franco,Francesco Franco,,,,,3343334227,,,,,,,,,,,,,,,,,,,,,,,,,,,,,
Francesco,Landucci,Francesco Landucci,,,,,,,,,,+393669889778,,,,,,,,,,,,,,,,,,,,,,,,
Francesco,Lisi,Francesco Lisi,,,,,+39 331 9921376,,,,,,,,,,,,,,,,,,,,,,,,,,,,,
Francesco,Pallini,Francesco Pallini,,,,,,,,,,+393463397268,,,,,,,,,,,,,,,,,,,,,,,,
Francesco,Zucchini,Francesco Zucchini,,,,,,,,,,338 3483638,,,,,,,,,,,,,,,,,,,2001-01-19 00:00:00,,,,,
Franci,,Franci,,,,,,,,,,+39 345 923 9556,,,,,,,,,,,,,,,,,,,,,,,,
Fred,💙,Fred 💙,,,,,,,,,,+39 377 697 5067,,,,,,,,,,,,,,,,,,,,,,,,
Gabriele,Bugialli,Gabriele Bugialli,,,,,,,,,,+39 366 117 3464,,,,,,,,,,,,,,,,,,,,,,,,
Gaia,Beretta,Gaia Beretta,,,,,,,,,,+39 388 199 2113,,,,,,,,,,,,,,,,,,,,,,,,
Gaia,Cardeti,Gaia Cardeti,,,,,,,,,,+39 331 133 1523,,,,,,,,,,,,,,,,,,,,,,,,
Giacomo,Bottigli,Giacomo Bottigli,,,,,,,,,,+39 366 341 6840,,,,,,,,,,,,,,,,,,,,,,,,
Giacomo,Bottigli,Giacomo Bottigli,,,,,,,,,,+393663416840,,,,,,,,,,,,,,,,,,,,,,,,
Giacomo,Felici,Giacomo Dsn Felici,,felicigiacomo@yahoo.com,,,,,,,,366 2086594,,,,,,,,,,,,,,,,,tua madre,,,,,,,
Giammaria,Cerini,Giammaria Cerini,,,,,,,,,,331 5646682,,,,,,,,,,,,,,,,,,,,,,,,
Giangio,D’ambrosia,Giangio D’ambrosia,,,,,,,,,,+39 333 290 5284,,,,,,,,,,,,,,,,,,,,,,,,
Gianluca,Ercolani,Gianluca Ercolani,,,,,,,,,,+39 334 112 7973,,,,,,,,,,,,,,,,,,,,,,,,
Gianmarco,Class,Gianmarco Class,,,,,334 9678235,,,,,,,,,,,,,,,,,,,,,,,,,,,,,
Ginevra,Landini,Ginevra Landini,,,,,,,,,,339 2664858,,,,,,,,,,,,,,,,,,,,,,,,
Ginevra,Lastrucci,Ginevra Lastrucci,,,,,,,,,,+39 333 231 4777,,,,,,,,,,,,,,,,,,,,,,,,
Ginevra,Sorrentino,Ginevra Sorrentino,,,,,,,,,,366 2073483,,,,,,,,,,,,,,,,,,,,,,,,
Giorndano,Pala,Giorndano Pala,,,,,,,,,,+393456021624,,,,,,,,,,,,,,,,,,,,,,,,
Gisella,Panozzi,Gisella Panozzi,,,,,,,,,,+39 392 915 4863,,,,,,,,,,,,,,,,,,,,,,,,
Giulia,Bennati,Giulia Bennati,,,,,,,,,,342 5803602,,,,,,,,,,,,,,,,,,,,,,,,
Giulia,Ferruzzi,Giulia Ferruzzi,,,,,,,,,,+393334241334,,,,,,,,,,,,,,,,,,,,,,,,
Giulia,Gallorini,Giulia  Gallorini,,,,,,,,,,+393470865570,,,,,,,,,,,,,,,,,,,,,,,,
Giulia,Gregori,Giulia Gregori,,,,,+393333962684,,,,,,,,,,,,,,,,,,,,,,,,,,,,,
Giulia,Rossi,Giulia  Rossi,,,,,,,,,,+393395893307,,,,,,,,,,,,,,,,,,,,,,,,
Giulia,Sensi,Giulia Sensi,,,,,,,,,,+393395217103,,,,,,,,,,,,,,,,,,,,,,,,
Giulia,Vitiello,Giulia Vitiello,,,,,,,,,,0818816221,,,,,,,,,,,,,,,,,,,,,,,,
Giuliana,Kaso,Giuliana Kaso,,,,,,,,,,+39 328 744 6748,,,,,,,,,,,,,,,,,,,,,,,,
Giulio,Baldi,Giulio Baldi,,,,,,,,,,,,,,,,,,,,,,,,,,,,,,,,,,
Giuseppe,Caruso,Giuseppe Caruso,,,,,,,,,,+39 389 250 3590,,,,,,,,,,,,,,,,,,,,,,,,
Greta,Pacifici,Greta Pacifici,,,,,,,,,,+39 327 926 1449,,,,,,,,,,,,,,,,,,,,,,,,
i,.box,i .box,,,,,,,,,,41901,,,,,,,,,,,,,,,,,,,,,,,,
Infoinviaggio,,Infoinviaggio,,,,,,,,,,892525,,,,,,,,,,,,,,,,,,,,,,,,
Jacopo,Frescuzzi,Jacopo Frescuzzi,,,,,,,,,,+393342995189,,,,,,,,,,,,,,,,,,,,,,,,
Jacopo,Panozzi,Jacopo Panozzi,,,,,,,,,,+39 342 842 3701,,,,,,,,,,,,,,,,,,,,,,,,
Kevin,Bracciali,Kevin Bracciali,,,,,,,,,,+39 339 197 9308,,,,,,,,,,,,,,,,,,,,,,,,
Kevin,Gallorini,Kevin Gallorini,,,,,,,,,,+393337063386,,,,,,,,,,,,,,,,,,,,,,,,
Laura,Brenni,Laura Brenni,,,,,+39 334 925 4069,,,,,,,,,,,,,,,,,,,,,,,,,,,,,
Leonardo,Cozzolino,Leonardo Cozzolino,,,,,,,,,,+393703422256,,,,,,,,,,,,,,,,,,,,,,,,
Leonardo,Lanari,Leonardo Lanari,,,,,,,,,,349 9747687,,,,,,,,,,,,,,,,,,,,,,,,
Leonardo,Trippi,Leonardo Trippi,,,,,,,,,,+39 331 465 1902,,,,,,,,,,,,,,,,,,,,,,,,
Leonardo,Varricchio,Leonardo Varricchio,,,,,,,,,,366 9386503,,,,,,,,,,,,,,,,,,,2001-02-22 00:00:00,,,,,
Linda,Mazzoli,Linda Mazzoli,,,,,338 3431500,,,,,,,,,,,,,,,,,,,,,,,,,,,,,
Lisa,Alpini,Lisa Alpini,,,,,,,,,,+393204688859,,,,,,,,,,,,,,,,,,,,,,,,
Lisa,Panzeri,Lisa Panzeri,,,,,,,,,,+39 348 262 3666,,,,,,,,,,,,,,,,,,,,,,,,
Lorenzo,Baldini,Lorenzo Baldini,,,,,,,,,,+39 388 723 7943,,,,,,,,,,,,,,,,,,,,,,,,
Lorenzo,Cirelli,Lorenzo Cirelli,,,,,334 7678147,,,,,,,,,,,,,,,,,,,,,,,,,,,,,
Lorenzo Fabio,,Lorenzo Fabio,,,,,,,,,,+393313239084,,,,,,,,,,,,,,,,,,,,,,,,
Lorenzo,Ghezzi,Lorenzo Ghezzi,,,,,,,,,,+393663907558,,,,,,,,,,,,,,,,,,,,,,,,
Lorenzo,Mancini,Lorenzo Mancini,,,,,,,,,,+39 331 223 4194,,,,,,,,,,,,,,,,,,,,,,,,
Luca,Meacci,Luca Meacci,,,,,,,,,,338 2829411,,,,,,,,,,,,,,,,,,,,,,,,
Luca,Peruzzi,Luca Peruzzi,,,,,,,,,,+39 331 911 6821,,,,,,,,,,,,,,,,,,,,,,,,
Luca,Valle,Luca Valle,,,,,,,,,,+393407425437,,,,,,,,,,,,,,,,,,,,,,,,
Lucia,Benigni,Lucia Benigni,,,,,,,,,,334 1529636,,,,,,,,,,,,,,,,,,,,,,,,
Lucia,Bennati,Lucia Bennati,,,,,334 3200994,,,,,,,,,,,,,,,,,,,,,,,,,,,,,
Lucia,Ceccantini,Lucia Ceccantini,,,,,,,,,,333 288 5385,,,,,,,,,,,,,,,,,,,,,,,,
Lucia,Pepe,Lucia Pepe,,,,,327 5578901,,,,,,,,,,,,,,,,,,,,,,,,,,,,,
LUCIAMAMMA,,LUCIAMAMMA,,,,,,,,,,3343200994,,,,,,,,,,,,,,,,,,,,,,,,
Lucrezia,Boh,Lucrezia Boh,,,,,+39 373 517 4934,,,,,,,,,,,,,,,,,,,,,,,,,,,,,
Lucrezia,Coppini,Lucrezia Coppini,,,,,,,,,,+39 333 248 0164,,,,,,,,,,,,,,,,,,,,,,,,
Luigi,Buzoiu,Luigi Buzoiu,,,,,,,,,,388 441 9339,,,,,,,,,,,,,,,,,,,,,,,,
Luigi,Cappellari,Luigi Cappellari,,,,,,,,,,+393481189979,,,,,,,,,,,,,,,,,,,,,,,,
Luigi,Vitiello,Luigi Vitiello,,lui.vitiello-072@alice.it,,,,,,,,0575 657189,Via Della Liberià 94,,Castiglion Fiorentino,Ar,52043,Italia,,,,,,,it,,,,Residence Serristori,,1972-01-19 00:00:00,,,,,
Maddalena,Brilli,Maddalena Brilli,,,,,,,,,,346 6240932,,,,,,,,,,,,,,,,,Mc Donald,,,,,,,
Maddalrena,Rosai,Maddalrena Rosai,,,,,,,,,,+393315907627,,,,,,,,,,,,,,,,,,,,,,,,
Mamma,,Mamma,,,,,,,,,,+39 349 239 5892,,,,,,,,,,,,,,,,,,,,,,,,
Mamma Di Fabio,,Mamma Di Fabio,,,,,,,,,,340 7617894,Via Della Libertà 80,,Castilion Fiorentino,Ar,52043,Italia,,,,,,,,,,,,,,,,,,
Mamma,Pisto,Mamma Pisto,,,,,+393475508082,,,,,,,,,,,,,,,,,,,,,,,,,,,,,
Mamma,Tro,Mamma Tro,,,,,,,,,,+39 345 410 6548,,,,,,,,,,,,,,,,,,,,,,,,
Mammandi,,Mammandi,,,,,,,,,,3473243626,,,,,,,,,,,,,,,,,,,,,,,,
Manolo,Marigliano,Manolo Marigliano,,,,,,,,,,+39 331 161 2323,,,,,,,,,,,,,,,,,,,,,,,,
Manuel,Meta,Manuel Meta,,,,,,,,,,+39 388 880 8396,,,,,,,,,,,,,,,,,,,,,,,,
Marco,Astara,Marco Astara,,,,,,,,,,+39 331 226 9929,,,,,,,,,,,,,,,,,,,,,,,,
Marco,Bertoncini,Marco Bertoncini,,,,,,,,,,+393489178366,,,,,,,,,,,,,,,,,,,,,,,,
Marco,Billi,Marco Billi,,,,,,,,,,+393312975485,,,,,,,,,,,,,,,,,,,,,,,,
Marco,Fabianelli,Marco Fabianelli,,,,,,,,,,331 3533619,,,,,,,,,,,,,,,,,EURONICS XXL Burghausen,,,,,,,
Marco,Pacciani,Marco Pacciani,,,,,,,,,,+39 333 127 7128,,,,,,,,,,,,,,,,,,,,,,,,
Marco,Radoni,Marco Radoni,,,,,,,,,,+393484233120,,,,,,,,,,,,,,,,,,,,,,,,
Margherita,Salvadori,Margherita Salvadori,,,,,,,,,,+393273443677,,,,,,,,,,,,,,,,,,,,,,,,
Maria Pia,Scatragli,Maria Pia Scatragli,,,,,3482683384,,,,,,,,,,,,,,,,,,,,,,,Aggiunto da WhatsApp™ il 07/gen/2014 16:58:02,,,,,,
Maria,Romanelli,Maria Romanelli,,,,,,,,,,+39 377 485 6459,,,,,,,,,,,,,,,,,,,,,,,,
Mariasole,Del Santo,Mariasole Del Santo,,,,,,,,,,370 3274286,,,,,,,,,,,,,,,,,,,,,,,,
Marta,Presentini,Marta Presentini,,,,,334 5742768,,,,,,,,,,,,,,,,,,,,,,,,,,,,,
Martina,Benigni,Martina Benigni,,,,,,,,,,+39 380 207 4315,,,,,,,,,,,,,,,,,,,,,,,,
Martina,Taffini,Martina Taffini,,,,,,,,,,+39 333 738 7963,,,,,,,,,,,,,,,,,,,,,,,,
Masimo,Gallorini,Masimo Gallorini,,,,,,,,,,333 8124278,,,,,,,,,,,,,,,,,,,,,,,,
Massimiliano,Ciampi,Massimiliano Ciampi,,,,,,,,,,+39 366 114 0844,,,,,,,,,,,,,,,,,,,,,,,,
Matilde,Magi,Matilde Magi,,,,,,,,,,+39 334 756 3035,,,,,,,,,,,,,,,,,,,,,,,,
Matteo,Magi,Matteo Magi,,,,,,,,,,+39 377 682 5185,,,,,,,,,,,,,,,,,,,,,,,,
Matteo,Organai,Matteo Organai,,,,,,,,,,+393932857181,,,,,,,,,,,,,,,,,,,,,,,,
Matteo,Zampina,Matteo Zampina,,,,,,,,,,+39 331 883 8136,,,,,,,,,,,,,,,,,,,,,,,,
Mattia,Laterza,Mattia Laterza,,,,,+39 366 257 3947,,,,,,,,,,,,,,,,,,,,,,,,,,,,,
Mattia,Marianelli,Mattia Marianelli,,,,,,,,,,+39 366 453 2385,,,,,,,,,,,,,,,,,,,,,,,,
Mattia,Salvietti,Mattia Salvietti,,,,,,,,,,+393347944943,,,,,,,,,,,,,,,,,,,,,,,,
Mattia,Salvietti,Mattia Salvietti,,,,,,,,,,+393347944943,,,,,,,,,,,,,,,,,,,,,,,,
Mela🤓,,Mela🤓,,,,,,,,,,+39 329 1422542,,,,,,,,,,,,,,,,,,,,,,,,
Melania,Scutifero,Melania Scutifero,,scutifero.melania10@icloud.com,,,,,,,,,,,,,,,,,,,,,,,,,,,,,,,,
Metteo,Giustino,Metteo  Giustino,,,,,,,,,,+393312076492,,,,,,,,,,,,,,,,,,,,,,,,
Michael,Fara,Michael Fara,,,,,,,,,,39 388 240 4910,,,,,,,,,,,,,,,,,,,,,,,,
Michela,Martinelli,Michela Martinelli,,,,,,,,,,+39 366 876 2185,,,,,,,,,,,,,,,,,,,,,,,,
Michele,Lucash,Michele Lucash,,,,,,,,,,+39 331 260 7307,,,,,,,,,,,,,,,,,,,,,,,,
Michele,Mazzoni,Michele Mazzoni,,,,,,,,,,+39 370 317 6567,,,,,,,,,,,,,,,,,,,,,,,,
Michele,Sensitivi,Michele Sensitivi,,,,,,,,,,+39 334 7536896,,,,,,,,,,,,,,,Attaccante,,ACF Fiorentina,,,,,,,
MilleunaTIM,,MilleunaTIM,,,,,,,,,,40848,,,,,,,,,,,,,,,,,,,,,,,,
Mirco,Casini,Mirco Casini,,,,,+39 333 429 1788,,,,,,,,,,,,,,,,,,,,,,,,,,,,,
Mirea,Giusti,Mirea Giusti,,,,,,,,,,+393341011715,,,,,,,,,,,,,,,,,,,,,,,,
Mirko,Rkomi,Mirko Rkomi,,,,,,,,,,377 9441186,,,,,,,,,,,,,,,,,,,,,,,,
Mirko,Soggetti,Mirko Soggetti,,,,,,,,,,+39 339 168 4943,,,,,,,,,,,,,,,,,,,,,,,,
Moiza,Marchiori,Moiza Marchiori,,,,,,,,,,333 6162520,,,,,,,,,,,,,,,,,,,,,,,,
Momo,,Momo,,,,,,,,,,331 8071713,,,,,,,,,,,,,,,,,,,,,,,,
Monica,Mori,Monica Mori,,,,,,,,,,+39 328 159 2746,,,,,,,,,,,,,,,,,,,,,,,,
,Mori,Mori,,,,,,,,,,+39 351 846 1144,,,,,,,,,,,,,,,,,,,,,,,,
Mouner,,Mouner,,,,,,,,,,+39 333 912 3035,,,,,,,,,,,,,,,,,,,,,,,,
MTDP,,MTDP,,,,,,,,,,+39 366 954 7549,,,,,,,,,,,,,,,,,,,,,,,,
Nazar,,Nazar,,,,,+39 331 875 8018,,,,,,,,,,,,,,,,,,,,,,,,,,,,,
Niccolò,Calvani,Niccolò Calvani,,,,,,,,,,+39 339 726 4613,,,,,,,,,,,,,,,,,,,,,,,,
Niccolo,Moretti,Niccolo Moretti,,,,,,,,,,+393665990541,,,,,,,,,,,,,,,,,,,,,,,,
Nico🏋🏻,Berretti,Nico🏋🏻 Berretti,,,,,333 2782502,,,,,,,,,,,,,,,,,,,,,,,,,,,,,
Nicola,Ginestroni,Nicola Ginestroni,,,,,,,,,,+39 342 190 8125,,,,,,,,,,,,,,,,,,,,,,,,
Nicola,Mantechi,Nicola Mantechi,,,,,+39 331 577 9641,,,,,,,,,,,,,,,,,,,,,,,,,,,,,
Nicolas,Tavanti,Nicolas Tavanti,,,,,,,,,,+393311181580,,,,,,,,,,,,,,,,,,,,,,,,
Noemi,Ercolani,Noemi Ercolani,,,,,,,,,,+39 334 166 4306,,,,,,,,,,,,,,,,,,,,,,,,
Nonna,Carmela,Nonna Carmela,,,,,,,,,,0818826626,,,,,,,,,,,,,,,,,,,,,,,,
Nonna,Marina,Nonna Marina,,,,,,,,,,3407640855,,,,,,,,,,,,,,,,,,,,,,,,
NS😎,,NS😎,,,,,,,,,,+39 334 339 5879,,,,,,,,,,,,,,,,,,,,,,,,
NS😎,Senior,NS😎 Senior,,,,,+393478474894,,,,,,,,,,,,,,,,,,,,,,,,,,,,,
Oh ce,La Sofi,Oh ce La Sofi,,,,,,,,,,366 714 4095,,,,,,,,,,,,,,,,,,,,,,,,
Opengames,Arezzo,Opengames Arezzo,,,,,05751824188,,,,,,,,,,,,,,,,,,,,,,,,,,,,,
OpzioneExpress,,OpzioneExpress,,,,,,,,,,40888,,,,,,,,,,,,,,,,,,,,,,,,
Pano,,Pano,,,,,,,,,,+39 339 674 9306,,,,,,,,,,,,,,,,,,,,,,,,
Paolo,Domenichelli,Paolo Domenichelli,,,,,,,,,,+39 338 750 0910,,,,,,,,,,,,,,,,,,,,,,,,
,Paolo Palmeri,Paolo Palmeri,,info@disagioclothing.com,,,,,,,,,via urbano rattazzi 3c,,Torino,IT,10123,Italy,,,,,,,,,,,DISAGIO CLOTHING,,,,,http://www.disagioclothing.com,,
Perti,,Perti,,,,,,,,,,+39 366 308 2309,,,,,,,,,,,,,,,,,,,,,,,,
Pietro,Franceschini,Pietro Franceschini,,,,,,,,,,+393661789196,,,,,,,,,,,,,,,,,,,,,,,,
Pietro,Franceschini,Pietro Franceschini,,,,,,,,,,+393661789196,,,,,,,,,,,,,,,,,,,,,,,,
Pietro,Grendene,Pietro Grendene,,,,,,,,,,+393484904937,,,,,,,,,,,,,,,,,,,,,,,,
Pin,Postepay,Pin Postepay,,,,,,,,,,344 74,,,,,,,,,,,,,,,,,,,,,,,,
Pistorius❗️❌,,Pistorius❗️❌,,,,,,,,,,+39 340 212 7707,,,,,,,,,,,,,,,,,,,,,,,,
Pr,,Pr,,,,,320 7390069,,,,,,,,,,,,,,,,,,,,,,,,,,,,,
Prof,,Prof,,,,,339 2175246,,,,,,,,,,,,,,,,,,,,,,,,,,,,,
Promo,& infosim,Promo & infosim,,,,,,,,,,42070,,,,,,,,,,,,,,,,,,,,,,,,
Rachele,Martinelli,Rachele Martinelli,,,,,,,,,,+39 348 048 0701,,,,,,,,,,,,,,,,,,,,,,,,
Rachele,Piergentili,Rachele Piergentili,,,,,346 3973194,,,,,,,,,,,,,,,,,,,,,,,,,,,,,
Rachele,Piergentili,Rachele Piergentili,,,,,,,,,,+393463973194,,,,,,,,,,,,,,,,,,,,,,,,
"Raga, Per Le Prevendite Avete Tempo Fino A Sabato Che Le Devo Riconsegnare",,"Raga, Per Le Prevendite Avete Tempo Fino A Sabato Che Le Devo Riconsegnare",,,,,,,,,,,,,,,,,,,,,,,,,,,,,,,,,,
Rebecca,,Rebecca,,,,,,,,,,+393341068172,,,,,,,,,,,,,,,,,,,,,,,,
Redian,Maloku,Redian Maloku,,,,,,,,,,+39 338 998 9842,,,,,,,,,,,,,,,,,,,,,,,,
Ricarica,,Ricarica,,,,,,,,,,42010,,,,,,,,,,,,,,,,,,,,,,,,
Riccardo,Cacciucchi,Riccardo Cacciucchi,,,,,,,,,,345 8265539,,,,,,,,,,,,,,,,,saggini industry,,,,,,,
Riccardo,Dinho,Riccardo Dinho,,,,,,,,,,+39 347 684 5307,,,,,,,,,,,,,,,,,,,,,,,,
Riccardo,Mazzoni,Riccardo Mazzoni,,,,,,,,,,+393703176566,,,,,,,,,,,,,,,,,,,,,,,,
Robert,N’è Cosa,Robert N’è Cosa,,,,,,,,,,340 0502654,,,,,,,,,,,,,,,,,,,,,,,,
Roberto,De Luca,Roberto De Luca,,,,,338 4249606,,,,,,,,,,,,,,,,,,,,,,,,,,,,,
Rosa,Colamarino,Rosa Colamarino,,,,,,,,,,342 7061697,,,,,,,,,,,,,,,,,,,,,,,,
Rovazzi,,Rovazzi,,,,,,,,,,346 5191072,,,,,,,,,,,,,,,,,,,,,,,,
Rtl,,Rtl,,,,,,,,,,+39 349 3491025,,,,,,,,,,,,,,,,,,,,,,,,
Rtl,,Rtl,,,,,,,,,,349 3491025,,,,,,,,,,,,,,,,,,,,,,,,
Samuele,Ciancio,Samuele Ciancio,,,,,,,,,,+39 328 307 9062,,,,,,,,,,,,,,,,,,,,,,,,
Samule,Rosi,Samule Rosi,,,,,,,,,,+393932753067,,,,,,,,,,,,,,,,,,,,,,,,
Sara,Brogi,Sara Brogi,,,,,+39 393 095 1936,,,,,,,,,,,,,,,,,,,,,,,,,,,,,
Sara,Corbelli,Sara Corbelli,,,,,,,,,,348 8450609,,,,,,,,,,,,,,,,,,,,,,,,
Sara,Lombardi,Sara Lombardi,,,,,,,,,,334 860 0390,,,,,,,,,,,,,,,,,,,,,,,,
Sara,Manna,Sara Manna,,,,,+39 333 102 5095,,,,,,,,,,,,,,,,,,,,,,,,,,,,,
Sara,Pasqualoni,Sara Pasqualoni,,,,,,,,,,+393313523464,,,,,,,,,,,,,,,,,,,,,,,,
Schifo,Madonna,Schifo Madonna,,,,,,,,,,+81 3 4510 2539,,,,,,,,,,,,,,,,,,,,,,,,
Segr,Telefonica,Segr Telefonica,,,,,,,,,,42020,,,,,,,,,,,,,,,,,,,,,,,,
Selene,Falchetti,Selene Falchetti,,,,,,,,,,333 7923087,,,,,,,,,,,,,,,,,,,,,,,,
Serena,Presenti,Serena Presenti,,,,,,,,,,+39 334 363 6693,,,,,,,,,,,,,,,,,,,,,,,,
Servizi Tim,,Servizi Tim,,,,,,,,,,409 16,,,,,,,,,,,,,,,,,,,,,,,,
ServizioClienti,,ServizioClienti,,,,,,,,,,190,,,,,,,,,,,,,,,,,,,,,,,,
Simone,Bambini,Simone Bambini,,,,,,,,,,+393317695472,,,,,,,,,,,,,,,,,,,,,,,,
Simone,Felici,Simone Felici,,simonefelici79@yahoo.com,,,331 9596926,,,,,,,,,,,,,,,,,,,,,,,,,,,,,
Simone,Felici,Simone Felici,,,,,,,,,,338 8520634,,,,,,,,,,,,,,,,,,,,,,,,
Simone,Vella,Simone Vella,,,,,,,,,,+393401210348,,,,,,,,,,,,,,,,,,,,,,,,
Simonluca,Zucchini,Simonluca Zucchini,,,,,,,,,,+393663391341,,,,,,,,,,,,,,,,,,,,,,,,
Sofia,Benci,Sofia Benci,,,,,,,,,,+39 324 835 1803,,,,,,,,,,,,,,,,,,,,,,,,
Sofia,Bennati,Sofia Bennati,,,,,,,,,,340 0505653,,,,,,,,,,,,,,,,,,,,,,,,
Sofia,Martini,Sofia Martini,,,,,+39 335 447 821,,,,,,,,,,,,,,,,,,,,,,,,,,,,,
Soifiane,Larach,Soifiane Larach,,,,,+39 366 959 8565,,,,,,,,,,,,,,,,,,,,,,,,,,,,,
Stefan Rusu,,Stefan Rusu,,,,,,,,,,+39 380 643 2539,,,,,,,,,,,,,,,,,,,,,,,,
Stefan Rusu,,Stefan Rusu,,,,,,,,,,+39 380 643 2539,,,,,,,,,,,,,,,,,,,,,,,,
Stefano,Bargigli,Stefano Bargigli,,,,,,,,,,+39 366 268 3052,,,,,,,,,,,,,,,,,,,,,,,,
Stefano,Berardi,Stefano Berardi,,,,,,,,,,+39 331 873 4613,,,,,,,,,,,,,,,,,,,,,,,,
Stefano,Mori,Stefano Mori,,,,,,,,,,+39 392 081 6377,,,,,,,,,,,,,,,,,,,,,,,,
Stella,Nako,Stella Nako,,,,,,,,,,+39 324 628 1443,,,,,,,,,,,,,,,,,,,,,,,,
Tanga,,Tanga,,,,,,,,,,+39 345 455 4589,,,,,,,,,,,,,,,,,,,,,,,,
Teo,Telefono,Teo Telefono,,,,,+393492911827,,,,,,,,,,,,,,,,,,,,,,,,,,,,,
Teodoro,Crea,Teodoro Crea,,,,,,,,,,+39 349 786 8020,,,,,,,,,,,,,,,,,,,,,,,,
Teodoro,Crea,Teodoro Crea,,,,,,,,,,349 786 8020,,,,,,,,,,,,,,,,,,,,,,,,
Teresa,Castellani,Teresa Castellani,,,,,,,,,,+393315467267,,,,,,,,,,,,,,,,,,,,,,,,
Theo 💣👊🔫,Crea,Theo 💣👊🔫 Crea,,,,,,,,,,+39 346 529 8807,,,,,,,,,,,,,,,,,,,,,,,,
TIM,Taxi,TIM Taxi,,,,,,,,,,42494,,,,,,,,,,,,,,,,,,,,,,,,
Tipa,Ask,Tipa Ask,,,,,346 8547534,,,,,,,,,,,,,,,,,,,,,,,,,,,,,
Tipa Ask 2,,Tipa Ask 2,,,,,328 4521738,,,,,,,,,,,,,,,,,,,,,,,,,,,,,
Tipo,,Tipo,,,,,,,,,,+393339521902,,,,,,,,,,,,,,,,,,,,,,,,
Tiziana,Mamma Antonio,Tiziana Mamma Antonio,,,,,+39 351 289 0693,,,,,,,,,,,,,,,,,,,,,,,,,,,,,
Tiziana,Radoni,Tiziana Radoni,,,,,,,,,,3492395892,Via Della Libertá,,Castilion Fiorentino,Ar,52043,Italia,,,,,,,it,,,,L'antica Pieve,,1604-05-20 00:00:00,,,,,
Tommaso,Parrini,Tommaso Parrini,,,,,+39 328 348 0712,,,,,,,,,,,,,,,,,,,,,,,,,,,,,
Tommaso,Vincioni🐧,Tommaso Vincioni🐧,,,,,,,,,,+39 333 382 4389,,,,,,,,,,,,,,,,,,,,,,,,
Tutor,Maschio,Tutor Maschio,,,,,,,,,,+393938541673,,,,,,,,,,,,,,,,,,,,,,,,
Tyler,Strikes,Tyler Strikes,,,,,342 7050507,,,,,,,,,,,,,,,,,,,,,,,,,,,,,
Valentina,Mazzoli,Valentina Mazzoli,,,,,,,,,,+39 327 872 7270,,,,,,,,,,,,,,,,,,,,,,,,
Vanessa,Eletti,Vanessa Eletti,,,,,,,,,,+39 392 2124961,,,,,,,,,,,,,,,,,,,,,,,,
Vanessa,Quadri,Vanessa Quadri,,,,,,,,,,+39 366 728 4890,,,,,,,,,,,,,,,,,,,,,,,,
Vanessa,Soreanu,Vanessa Soreanu,,,,,,,,,,+393339572732,,,,,,,,,,,,,,,,,,,,,,,,
VeroniKa,,VeroniKa,,,,,,,,,,+39 389 682 1699,,,,,,,,,,,,,,,,,,,,,,,,
Veronika Peloro,,Veronika Peloro,,,,,,,,,,388 6439677,,,,,,,,,,,,,,,,,,,,,,,,
Victoria,,Victoria,,,,,,,,,,389 1754817,,,,,,,,,,,,,,,,,,,,,,,,
Vincenzo,Lanza,Vincenzo Lanza,,,,,,,,,,+39 391 389 3652,,,,,,,,,,,,,,,,,,,,,,,,
Vincezo,Caputo,Vincezo Caputo,,,,,,,,,,+39 366 821 7671,,,,,,,,,,,,,,,,,,,,,,,,
Virginia,Tavanti,Virginia Tavanti,,,,,,,,,,329 1190981,,,,,,,,,,,,,,,,,,,,,,,,
Vittoria,Sgrevi,Vittoria Sgrevi,,,,,,,,,,+39 392 352 2100,,,,,,,,,,,,,,,,,,,,,,,,
Vodafone,One,Vodafone One,,,,,,,,,,42626,,,,,,,,,,,,,,,,,,,,,,,,
Whatsapp,Autoscontri,Whatsapp Autoscontri,,,,,331 9662990,,,,,,,,,,,,,,,,,,,,,,,,,,,,,
Yari,,Yari,,,,,+39 392 277 0990,,,,,,,,,,,,,,,,,,,,,,,,,,,,,
Ylenia,Iannicello,Ylenia Iannicello,,,,,,,,,,+393208433580,,,,,,,,,,,,,,,,,,,,,,,,
Ylenia,Ianniciello,Ylenia Ianniciello,,,,,,,,,,,,,,,,,,,,,,,,,,,,,,,,,,
Zoda,,Zoda,,,,,,,,,,349 2585731,,,,,,,,,,,,,,,,,,,,,,,,
Zucca,,Zucca,,,,,,,,,,+39 338 348 3638,,,,,,,,,,,,,,,,,,,,,,,,
Zucchini Senior,,Zucchini Senior,,,,,339 2945980,,,,,,,,,,,,,,,,,,,,,,,,,,,,,
?,,?,,,,,,,,,,327 7150799,,,,,,,,,,,,,,,,,,,,,,,,
,,,,,,,+41715011573,,,,,,,,,,,,,,,,,,,,,,,,,,,,,
,,,,,,,,,,,,370 3330281,,,,,,,,,,,,,,,,,,,,,,,,
